decile,n,future_deterioration_rate
1,113102,6.7293239730508745
2,113024,8.925537938844847
3,113026,10.628527949321395
4,113023,12.880564132964087
5,113049,16.56007571937832
6,112998,22.004814244499904
7,113009,30.207328619844436
8,113040,42.66365888181175
9,113017,61.6792164010724
10,113083,88.11669304846882
